{"version": "1", "message": "ERROR: Hidden Testcases server unreachable.", "problem_id": "ads2_m4_a1_1", "user_id": "vineethamallu6", "score": {"sample": {"0": {"execution_time": 0.23076558113098145, "passed": true}, "1": {"execution_time": 0.1915886402130127, "passed": false}, "2": {"execution_time": 0.27457118034362793, "passed": false}, "3": {"execution_time": 0.25148797035217285, "passed": false}, "4": {"execution_time": 0.17407965660095215, "passed": false}, "5": {"execution_time": 0.20110154151916504, "passed": false}, "6": {"execution_time": 0.19459033012390137, "passed": false}, "7": {"execution_time": 0.18776440620422363, "passed": false}, "8": {"execution_time": 0.22376656532287598, "passed": true}, "9": {"execution_time": 0.23089003562927246, "passed": true}, "10": {"execution_time": 0.22482895851135254, "passed": true}, "11": {"execution_time": 0.19580864906311035, "passed": true}, "12": {"execution_time": 0.19943737983703613, "passed": true}, "13": {"execution_time": 1.007361650466919, "passed": false}, "14": {"execution_time": 0.21399283409118652, "passed": true}}}, "check_style_score": "0/1"}