{"version": "1", "message": "ERROR: Hidden Testcases server unreachable.", "problem_id": "ads2_m6_a1_1", "user_id": "vineethamallu6", "score": {"sample": {"0": {"execution_time": 0.25911641120910645, "passed": false}, "1": {"execution_time": 0.27651405334472656, "passed": false}, "2": {"execution_time": 0.24052977561950684, "passed": false}, "3": {"execution_time": 0.2869608402252197, "passed": false}, "4": {"execution_time": 0.275803804397583, "passed": false}, "5": {"execution_time": 0.2627706527709961, "passed": false}, "6": {"execution_time": 0.2794966697692871, "passed": false}, "7": {"execution_time": 0.2643909454345703, "passed": false}, "8": {"execution_time": 0.2583601474761963, "passed": false}, "9": {"execution_time": 0.41649961471557617, "passed": false}, "10": {"execution_time": 0.24813604354858398, "passed": false}, "11": {"execution_time": 0.3720571994781494, "passed": false}}}, "check_style_score": "0/1"}