{"version": "1", "message": "ERROR: Hidden Testcases server unreachable.", "problem_id": "ads2_m6_a1_1", "user_id": "vineethamallu6", "score": {"sample": {"0": {"execution_time": 0.2945847511291504, "passed": false}, "1": {"execution_time": 0.2714409828186035, "passed": false}, "2": {"execution_time": 0.23262500762939453, "passed": false}, "3": {"execution_time": 0.2798328399658203, "passed": false}, "4": {"execution_time": 0.26314353942871094, "passed": false}, "5": {"execution_time": 0.2560555934906006, "passed": true}, "6": {"execution_time": 0.3023052215576172, "passed": true}, "7": {"execution_time": 0.25744175910949707, "passed": false}, "8": {"execution_time": 0.29046082496643066, "passed": true}, "9": {"execution_time": 0.28689074516296387, "passed": false}, "10": {"execution_time": 0.30141496658325195, "passed": true}, "11": {"execution_time": 0.233642578125, "passed": false}}}, "check_style_score": "1/1"}