{"version": "1", "message": "ERROR: Hidden Testcases server unreachable.", "problem_id": "ads2_m6_a1_1", "user_id": "vineethamallu6", "score": {"sample": {"0": {"execution_time": 0.3608276844024658, "passed": false}, "1": {"execution_time": 0.3601655960083008, "passed": false}, "2": {"execution_time": 0.27351975440979004, "passed": false}, "3": {"execution_time": 0.3268623352050781, "passed": false}, "4": {"execution_time": 0.4842989444732666, "passed": true}, "5": {"execution_time": 0.33048582077026367, "passed": false}, "6": {"execution_time": 0.3443894386291504, "passed": true}, "7": {"execution_time": 0.4139268398284912, "passed": false}, "8": {"execution_time": 0.2962911128997803, "passed": true}, "9": {"execution_time": 0.32759737968444824, "passed": true}, "10": {"execution_time": 0.3061230182647705, "passed": true}, "11": {"execution_time": 0.29412078857421875, "passed": false}}}, "check_style_score": "0/1"}