{"version": "1", "message": "ERROR: Hidden Testcases server unreachable.", "problem_id": "ads2_m6_a1_1", "user_id": "vineethamallu6", "score": {"sample": {"0": {"execution_time": 0.2620375156402588, "passed": false}, "1": {"execution_time": 0.3406870365142822, "passed": false}, "2": {"execution_time": 0.23201298713684082, "passed": false}, "3": {"execution_time": 0.23436307907104492, "passed": false}, "4": {"execution_time": 0.34275078773498535, "passed": false}, "5": {"execution_time": 0.32335615158081055, "passed": true}, "6": {"execution_time": 0.2808339595794678, "passed": true}, "7": {"execution_time": 0.2801847457885742, "passed": false}, "8": {"execution_time": 0.2891349792480469, "passed": true}, "9": {"execution_time": 0.22373151779174805, "passed": false}, "10": {"execution_time": 0.23681235313415527, "passed": true}, "11": {"execution_time": 0.35878849029541016, "passed": false}}}, "check_style_score": "0/1"}