{"version": "1", "message": "ERROR: Hidden Testcases server unreachable.", "problem_id": "ads2_m6_a1_1", "user_id": "vineethamallu6", "score": {"sample": {"0": {"execution_time": 0.18460297584533691, "passed": false}, "1": {"execution_time": 0.2008984088897705, "passed": false}, "2": {"execution_time": 0.20040678977966309, "passed": false}, "3": {"execution_time": 0.16982674598693848, "passed": false}, "4": {"execution_time": 0.15418481826782227, "passed": false}, "5": {"execution_time": 0.3699648380279541, "passed": false}, "6": {"execution_time": 0.20012474060058594, "passed": false}, "7": {"execution_time": 0.16662311553955078, "passed": false}, "8": {"execution_time": 0.19373512268066406, "passed": false}, "9": {"execution_time": 0.16645026206970215, "passed": false}, "10": {"execution_time": 0.21758103370666504, "passed": false}, "11": {"execution_time": 0.17985796928405762, "passed": false}}}, "check_style_score": "0/1"}