{"version": "1", "message": "ERROR: Hidden Testcases server unreachable.", "problem_id": "ads2_m6_a1_1", "user_id": "vineethamallu6", "score": {"sample": {"0": {"execution_time": 0.8348605632781982, "passed": false}, "1": {"execution_time": 0.3018665313720703, "passed": false}, "2": {"execution_time": 0.3767726421356201, "passed": false}, "3": {"execution_time": 0.33913111686706543, "passed": false}, "4": {"execution_time": 0.3150520324707031, "passed": false}, "5": {"execution_time": 3.5955970287323, "passed": false}, "6": {"execution_time": 0.2973799705505371, "passed": true}, "7": {"execution_time": 0.3787722587585449, "passed": false}, "8": {"execution_time": 0.743098258972168, "passed": true}, "9": {"execution_time": 0.3558833599090576, "passed": false}, "10": {"execution_time": 0.4139115810394287, "passed": true}, "11": {"execution_time": 0.369382381439209, "passed": false}}}, "check_style_score": "0/1"}