{"version": "1", "message": "ERROR: Hidden Testcases server unreachable.", "problem_id": "ads2_m6_a1_1", "user_id": "vineethamallu6", "score": {"sample": {"0": {"execution_time": 0.24941039085388184, "passed": false}, "1": {"execution_time": 0.2581624984741211, "passed": false}, "2": {"execution_time": 0.19067788124084473, "passed": false}, "3": {"execution_time": 0.19120192527770996, "passed": false}, "4": {"execution_time": 0.18541169166564941, "passed": false}, "5": {"execution_time": 0.21057701110839844, "passed": false}, "6": {"execution_time": 0.20074248313903809, "passed": false}, "7": {"execution_time": 0.25508975982666016, "passed": false}, "8": {"execution_time": 0.18939542770385742, "passed": false}, "9": {"execution_time": 0.24147796630859375, "passed": false}, "10": {"execution_time": 0.2026979923248291, "passed": false}, "11": {"execution_time": 0.20979094505310059, "passed": false}}}, "check_style_score": "0/1"}