{"version": "1", "message": "ERROR: Hidden Testcases server unreachable.", "problem_id": "ads2_m6_a1_1", "user_id": "vineethamallu6", "score": {"sample": {"0": {"execution_time": 1.321305513381958, "passed": false}, "1": {"execution_time": 0.3770720958709717, "passed": false}, "2": {"execution_time": 0.31700658798217773, "passed": false}, "3": {"execution_time": 0.25333499908447266, "passed": false}, "4": {"execution_time": 0.29778003692626953, "passed": false}, "5": {"execution_time": 0.2639584541320801, "passed": false}, "6": {"execution_time": 0.32326769828796387, "passed": true}, "7": {"execution_time": 0.2509160041809082, "passed": false}, "8": {"execution_time": 0.3761119842529297, "passed": true}, "9": {"execution_time": 0.31381726264953613, "passed": false}, "10": {"execution_time": 0.27164459228515625, "passed": true}, "11": {"execution_time": 0.3403604030609131, "passed": false}}}, "check_style_score": "0/1"}