{"version": "1", "message": "ERROR: Hidden Testcases server unreachable.", "problem_id": "ads2_m6_a1_1", "user_id": "vineethamallu6", "score": {"sample": {"0": {"execution_time": 0.26402759552001953, "passed": false}, "1": {"execution_time": 0.23718523979187012, "passed": false}, "2": {"execution_time": 0.34954285621643066, "passed": false}, "3": {"execution_time": 0.3159911632537842, "passed": false}, "4": {"execution_time": 0.3075847625732422, "passed": false}, "5": {"execution_time": 0.3476076126098633, "passed": true}, "6": {"execution_time": 0.2817370891571045, "passed": true}, "7": {"execution_time": 0.2574334144592285, "passed": false}, "8": {"execution_time": 0.24715089797973633, "passed": true}, "9": {"execution_time": 0.34464216232299805, "passed": false}, "10": {"execution_time": 0.23055529594421387, "passed": true}, "11": {"execution_time": 0.25638794898986816, "passed": false}}}, "check_style_score": "0/1"}