{"version": "1", "message": "ERROR: Hidden Testcases server unreachable.", "problem_id": "ads2_m6_a1_1", "user_id": "vineethamallu6", "score": {"sample": {"0": {"execution_time": 0.32128429412841797, "passed": false}, "1": {"execution_time": 0.2937791347503662, "passed": false}, "2": {"execution_time": 0.3051903247833252, "passed": false}, "3": {"execution_time": 0.2859671115875244, "passed": false}, "4": {"execution_time": 0.27000856399536133, "passed": false}, "5": {"execution_time": 0.3303031921386719, "passed": true}, "6": {"execution_time": 0.28530001640319824, "passed": true}, "7": {"execution_time": 0.2677319049835205, "passed": false}, "8": {"execution_time": 0.23178386688232422, "passed": true}, "9": {"execution_time": 0.2802610397338867, "passed": false}, "10": {"execution_time": 0.4655733108520508, "passed": true}, "11": {"execution_time": 0.2962002754211426, "passed": false}}}, "check_style_score": "0/1"}