{"version": "1", "message": "ERROR: Hidden Testcases server unreachable.", "problem_id": "ads2_m6_a1_1", "user_id": "vineethamallu6", "score": {"sample": {"0": {"execution_time": 0.8124806880950928, "passed": false}, "1": {"execution_time": 0.24274086952209473, "passed": false}, "2": {"execution_time": 0.4913461208343506, "passed": false}, "3": {"execution_time": 0.4604511260986328, "passed": false}, "4": {"execution_time": 0.4344921112060547, "passed": false}, "5": {"execution_time": 0.4342951774597168, "passed": false}, "6": {"execution_time": 0.2376387119293213, "passed": false}, "7": {"execution_time": 0.3877387046813965, "passed": false}, "8": {"execution_time": 0.2470111846923828, "passed": false}, "9": {"execution_time": 0.18028473854064941, "passed": false}, "10": {"execution_time": 0.23176121711730957, "passed": false}, "11": {"execution_time": 0.18734979629516602, "passed": false}}}, "check_style_score": "0/1"}