{"version": "1", "message": "ERROR: Hidden Testcases server unreachable.", "problem_id": "ads2_m6_a1_1", "user_id": "vineethamallu6", "score": {"sample": {"0": {"execution_time": 0.26234865188598633, "passed": false}, "1": {"execution_time": 0.23580503463745117, "passed": false}, "2": {"execution_time": 0.23786067962646484, "passed": false}, "3": {"execution_time": 0.24925875663757324, "passed": false}, "4": {"execution_time": 0.2746315002441406, "passed": false}, "5": {"execution_time": 0.25054931640625, "passed": false}, "6": {"execution_time": 0.2524542808532715, "passed": false}, "7": {"execution_time": 0.4046785831451416, "passed": false}, "8": {"execution_time": 0.269240140914917, "passed": false}, "9": {"execution_time": 0.4458611011505127, "passed": false}, "10": {"execution_time": 0.264193058013916, "passed": false}, "11": {"execution_time": 0.2579944133758545, "passed": false}}}, "check_style_score": "0/1"}