{"version": "1", "message": "ERROR: Hidden Testcases server unreachable.", "problem_id": "ads2_m6_a1_1", "user_id": "vineethamallu6", "score": {"sample": {"0": {"execution_time": 0.3500025272369385, "passed": false}, "1": {"execution_time": 0.663496732711792, "passed": false}, "2": {"execution_time": 0.3663640022277832, "passed": false}, "3": {"execution_time": 0.4140186309814453, "passed": false}, "4": {"execution_time": 0.3437073230743408, "passed": false}, "5": {"execution_time": 0.2539396286010742, "passed": false}, "6": {"execution_time": 0.38971757888793945, "passed": true}, "7": {"execution_time": 0.36239051818847656, "passed": false}, "8": {"execution_time": 0.34311604499816895, "passed": true}, "9": {"execution_time": 0.3387763500213623, "passed": false}, "10": {"execution_time": 0.396106481552124, "passed": true}, "11": {"execution_time": 0.4034559726715088, "passed": false}}}, "check_style_score": "0/1"}