{"version": "1", "message": "ERROR: Hidden Testcases server unreachable.", "problem_id": "ads2_m6_a1_1", "user_id": "vineethamallu6", "score": {"sample": {"0": {"execution_time": 0.23151826858520508, "passed": false}, "1": {"execution_time": 0.30081629753112793, "passed": false}, "2": {"execution_time": 0.3214554786682129, "passed": false}, "3": {"execution_time": 0.2576296329498291, "passed": false}, "4": {"execution_time": 0.28270697593688965, "passed": false}, "5": {"execution_time": 0.3214716911315918, "passed": false}, "6": {"execution_time": 0.24617385864257812, "passed": true}, "7": {"execution_time": 0.2945115566253662, "passed": false}, "8": {"execution_time": 0.23212623596191406, "passed": true}, "9": {"execution_time": 0.24868202209472656, "passed": false}, "10": {"execution_time": 0.281080961227417, "passed": true}, "11": {"execution_time": 0.44315648078918457, "passed": false}}}, "check_style_score": "0/1"}