{"version": "1", "message": "ERROR: Hidden Testcases server unreachable.", "problem_id": "ads2_m6_a1_1", "user_id": "vineethamallu6", "score": {"sample": {"0": {"execution_time": 0.19542217254638672, "passed": false}, "1": {"execution_time": 0.21721959114074707, "passed": false}, "2": {"execution_time": 0.19741249084472656, "passed": false}, "3": {"execution_time": 0.19775915145874023, "passed": false}, "4": {"execution_time": 0.19155645370483398, "passed": false}, "5": {"execution_time": 0.2143537998199463, "passed": false}, "6": {"execution_time": 0.22886896133422852, "passed": false}, "7": {"execution_time": 0.20745086669921875, "passed": false}, "8": {"execution_time": 0.2089076042175293, "passed": false}, "9": {"execution_time": 0.19414258003234863, "passed": false}, "10": {"execution_time": 0.1965799331665039, "passed": false}, "11": {"execution_time": 0.1951601505279541, "passed": false}}}, "check_style_score": "0/1"}