{"version": "1", "message": "ERROR: Hidden Testcases server unreachable.", "problem_id": "ads2_m6_a1_1", "user_id": "vineethamallu6", "score": {"sample": {"0": {"execution_time": 0.33852291107177734, "passed": false}, "1": {"execution_time": 0.2931668758392334, "passed": false}, "2": {"execution_time": 0.38107872009277344, "passed": false}, "3": {"execution_time": 0.341113805770874, "passed": false}, "4": {"execution_time": 0.36437225341796875, "passed": false}, "5": {"execution_time": 0.4469151496887207, "passed": false}, "6": {"execution_time": 0.33743715286254883, "passed": false}, "7": {"execution_time": 0.38005638122558594, "passed": false}, "8": {"execution_time": 0.37064552307128906, "passed": false}, "9": {"execution_time": 0.4007995128631592, "passed": false}, "10": {"execution_time": 0.2966301441192627, "passed": false}, "11": {"execution_time": 0.4125232696533203, "passed": false}}}, "check_style_score": "0/1"}