{"version": "1", "message": "ERROR: Hidden Testcases server unreachable.", "problem_id": "ads2_m6_a1_1", "user_id": "vineethamallu6", "score": {"sample": {"0": {"execution_time": 0.35031604766845703, "passed": false}, "1": {"execution_time": 0.3632187843322754, "passed": false}, "2": {"execution_time": 0.37680482864379883, "passed": false}, "3": {"execution_time": 0.37691330909729004, "passed": false}, "4": {"execution_time": 0.2972676753997803, "passed": false}, "5": {"execution_time": 0.3897557258605957, "passed": false}, "6": {"execution_time": 0.3340613842010498, "passed": false}, "7": {"execution_time": 0.48306798934936523, "passed": false}, "8": {"execution_time": 0.32500672340393066, "passed": false}, "9": {"execution_time": 0.36118006706237793, "passed": false}, "10": {"execution_time": 0.33967018127441406, "passed": false}, "11": {"execution_time": 0.3631782531738281, "passed": false}}}, "check_style_score": "0/1"}