{"version": "1", "message": "ERROR: Hidden Testcases server unreachable.", "problem_id": "ads2_m6_a1_1", "user_id": "vineethamallu6", "score": {"sample": {"0": {"execution_time": 0.26928043365478516, "passed": false}, "1": {"execution_time": 0.3279392719268799, "passed": false}, "2": {"execution_time": 0.29143714904785156, "passed": false}, "3": {"execution_time": 0.27247071266174316, "passed": false}, "4": {"execution_time": 0.27939939498901367, "passed": false}, "5": {"execution_time": 0.3208780288696289, "passed": true}, "6": {"execution_time": 0.23541259765625, "passed": true}, "7": {"execution_time": 0.2954223155975342, "passed": false}, "8": {"execution_time": 0.268932580947876, "passed": true}, "9": {"execution_time": 0.2886021137237549, "passed": false}, "10": {"execution_time": 0.23013710975646973, "passed": true}, "11": {"execution_time": 0.23472857475280762, "passed": false}}}, "check_style_score": "0/1"}