{"version": "1", "message": "ERROR: Hidden Testcases server unreachable.", "problem_id": "ads2_m6_a1_1", "user_id": "vineethamallu6", "score": {"sample": {"0": {"execution_time": 0.2382798194885254, "passed": false}, "1": {"execution_time": 0.312833309173584, "passed": false}, "2": {"execution_time": 0.26401782035827637, "passed": false}, "3": {"execution_time": 0.27172303199768066, "passed": false}, "4": {"execution_time": 0.2956430912017822, "passed": false}, "5": {"execution_time": 0.27646350860595703, "passed": true}, "6": {"execution_time": 0.23088431358337402, "passed": true}, "7": {"execution_time": 0.26650071144104004, "passed": false}, "8": {"execution_time": 0.278228759765625, "passed": true}, "9": {"execution_time": 0.46959400177001953, "passed": false}, "10": {"execution_time": 0.23595333099365234, "passed": true}, "11": {"execution_time": 0.3062264919281006, "passed": false}}}, "check_style_score": "0/1"}