{"version": "1", "message": "ERROR: Hidden Testcases server unreachable.", "problem_id": "ads2_m6_a1_1", "user_id": "vineethamallu6", "score": {"sample": {"0": {"execution_time": 0.2735285758972168, "passed": false}, "1": {"execution_time": 0.27149319648742676, "passed": false}, "2": {"execution_time": 0.23398423194885254, "passed": false}, "3": {"execution_time": 0.28560972213745117, "passed": false}, "4": {"execution_time": 0.6561334133148193, "passed": false}, "5": {"execution_time": 0.28864121437072754, "passed": false}, "6": {"execution_time": 0.3054921627044678, "passed": true}, "7": {"execution_time": 0.3017599582672119, "passed": false}, "8": {"execution_time": 0.2731165885925293, "passed": true}, "9": {"execution_time": 0.2344658374786377, "passed": false}, "10": {"execution_time": 0.22165822982788086, "passed": true}, "11": {"execution_time": 0.3388502597808838, "passed": false}}}, "check_style_score": "0/1"}