{"version": "1", "message": "ERROR: Hidden Testcases server unreachable.", "problem_id": "ads2_m6_a1_1", "user_id": "vineethamallu6", "score": {"sample": {"0": {"execution_time": 0.26928067207336426, "passed": false}, "1": {"execution_time": 0.30151820182800293, "passed": false}, "2": {"execution_time": 0.3529202938079834, "passed": false}, "3": {"execution_time": 0.2624242305755615, "passed": false}, "4": {"execution_time": 0.3051149845123291, "passed": false}, "5": {"execution_time": 0.26486682891845703, "passed": true}, "6": {"execution_time": 0.28237462043762207, "passed": true}, "7": {"execution_time": 0.25914835929870605, "passed": false}, "8": {"execution_time": 0.24126005172729492, "passed": true}, "9": {"execution_time": 0.23798918724060059, "passed": false}, "10": {"execution_time": 0.2777998447418213, "passed": true}, "11": {"execution_time": 0.29451799392700195, "passed": false}}}, "check_style_score": "1/1"}