{"version": "1", "message": "ERROR: Hidden Testcases server unreachable.", "problem_id": "ads2_m2_a1_1", "user_id": "vineethamallu6", "score": {"sample": {"0": {"execution_time": 0.5929462909698486, "passed": false}, "1": {"execution_time": 0.21123862266540527, "passed": false}, "2": {"execution_time": 0.1646561622619629, "passed": true}, "3": {"execution_time": 0.1685953140258789, "passed": false}, "4": {"execution_time": 0.19411587715148926, "passed": true}, "5": {"execution_time": 0.21041297912597656, "passed": false}, "6": {"execution_time": 0.16681766510009766, "passed": true}, "7": {"execution_time": 0.18870949745178223, "passed": true}, "8": {"execution_time": 0.16005969047546387, "passed": true}, "9": {"execution_time": 0.1589372158050537, "passed": true}, "10": {"execution_time": 0.16385984420776367, "passed": true}, "11": {"execution_time": 0.165740966796875, "passed": true}, "12": {"execution_time": 0.1621410846710205, "passed": true}, "13": {"execution_time": 0.19534540176391602, "passed": false}, "14": {"execution_time": 0.16107630729675293, "passed": true}, "15": {"execution_time": 0.17209362983703613, "passed": false}, "16": {"execution_time": 0.19816946983337402, "passed": true}, "17": {"execution_time": 0.23442411422729492, "passed": true}, "18": {"execution_time": 0.20541858673095703, "passed": true}, "19": {"execution_time": 0.22785139083862305, "passed": true}, "20": {"execution_time": 0.28903818130493164, "passed": true}, "21": {"execution_time": 0.16026639938354492, "passed": true}, "22": {"execution_time": 0.2733042240142822, "passed": true}, "23": {"execution_time": 0.25432443618774414, "passed": true}}}, "check_style_score": "0/1"}