{"version": "1", "message": "ERROR: Hidden Testcases server unreachable.", "problem_id": "ads2_m2_a1_1", "user_id": "vineethamallu6", "score": {"sample": {"0": {"execution_time": 0.33294224739074707, "passed": true}, "1": {"execution_time": 0.2956528663635254, "passed": true}, "2": {"execution_time": 0.2481844425201416, "passed": true}, "3": {"execution_time": 0.26541996002197266, "passed": true}, "4": {"execution_time": 0.2501852512359619, "passed": true}, "5": {"execution_time": 0.2575385570526123, "passed": true}, "6": {"execution_time": 0.3016033172607422, "passed": true}, "7": {"execution_time": 0.23781442642211914, "passed": true}, "8": {"execution_time": 0.2672903537750244, "passed": true}, "9": {"execution_time": 0.25844359397888184, "passed": true}, "10": {"execution_time": 0.2976510524749756, "passed": true}, "11": {"execution_time": 0.42044591903686523, "passed": true}, "12": {"execution_time": 0.25063514709472656, "passed": true}, "13": {"execution_time": 0.23924732208251953, "passed": true}, "14": {"execution_time": 0.2269153594970703, "passed": true}, "15": {"execution_time": 0.27285122871398926, "passed": true}, "16": {"execution_time": 0.44762587547302246, "passed": true}, "17": {"execution_time": 0.3189127445220947, "passed": true}, "18": {"execution_time": 0.2456212043762207, "passed": true}, "19": {"execution_time": 0.3406844139099121, "passed": true}, "20": {"execution_time": 0.2659916877746582, "passed": true}, "21": {"execution_time": 0.2734034061431885, "passed": true}, "22": {"execution_time": 0.35641932487487793, "passed": true}, "23": {"execution_time": 0.3281228542327881, "passed": true}}}, "check_style_score": "1/1"}