{"version": "1", "message": "ERROR: Hidden Testcases server unreachable.", "problem_id": "ads2_m2_a1_1", "user_id": "vineethamallu6", "score": {"sample": {"0": {"execution_time": 0.3155238628387451, "passed": true}, "1": {"execution_time": 0.27132678031921387, "passed": true}, "2": {"execution_time": 0.24054598808288574, "passed": true}, "3": {"execution_time": 0.2667880058288574, "passed": true}, "4": {"execution_time": 0.2539229393005371, "passed": true}, "5": {"execution_time": 0.31160497665405273, "passed": true}, "6": {"execution_time": 0.25986623764038086, "passed": true}, "7": {"execution_time": 0.2682476043701172, "passed": true}, "8": {"execution_time": 0.34194087982177734, "passed": true}, "9": {"execution_time": 0.2537407875061035, "passed": true}, "10": {"execution_time": 0.21657133102416992, "passed": true}, "11": {"execution_time": 0.22678327560424805, "passed": true}, "12": {"execution_time": 0.2415761947631836, "passed": true}, "13": {"execution_time": 0.19381141662597656, "passed": true}, "14": {"execution_time": 0.2262120246887207, "passed": true}, "15": {"execution_time": 0.24415230751037598, "passed": true}, "16": {"execution_time": 0.23093914985656738, "passed": true}, "17": {"execution_time": 0.32416582107543945, "passed": true}, "18": {"execution_time": 0.24500656127929688, "passed": true}, "19": {"execution_time": 0.31453633308410645, "passed": true}, "20": {"execution_time": 0.3507516384124756, "passed": true}, "21": {"execution_time": 0.2563657760620117, "passed": true}, "22": {"execution_time": 0.2798652648925781, "passed": true}, "23": {"execution_time": 0.28638482093811035, "passed": true}}}, "check_style_score": "1/1"}