{"version": "1", "message": "ERROR: Hidden Testcases server unreachable.", "problem_id": "ads2_m2_a1_1", "user_id": "vineethamallu6", "score": {"sample": {"0": {"execution_time": 0.21400928497314453, "passed": true}, "1": {"execution_time": 0.27231740951538086, "passed": true}, "2": {"execution_time": 0.2984323501586914, "passed": true}, "3": {"execution_time": 0.2653815746307373, "passed": true}, "4": {"execution_time": 0.21064209938049316, "passed": true}, "5": {"execution_time": 0.28505969047546387, "passed": true}, "6": {"execution_time": 0.22431182861328125, "passed": true}, "7": {"execution_time": 0.16149568557739258, "passed": true}, "8": {"execution_time": 0.24509310722351074, "passed": true}, "9": {"execution_time": 0.25475454330444336, "passed": true}, "10": {"execution_time": 0.2568809986114502, "passed": true}, "11": {"execution_time": 0.26338958740234375, "passed": true}, "12": {"execution_time": 0.1627964973449707, "passed": true}, "13": {"execution_time": 0.24200797080993652, "passed": true}, "14": {"execution_time": 0.24486827850341797, "passed": true}, "15": {"execution_time": 0.2685840129852295, "passed": true}, "16": {"execution_time": 0.25361132621765137, "passed": true}, "17": {"execution_time": 0.3593435287475586, "passed": true}, "18": {"execution_time": 0.30800557136535645, "passed": true}, "19": {"execution_time": 0.27060437202453613, "passed": true}, "20": {"execution_time": 0.3266444206237793, "passed": true}, "21": {"execution_time": 0.22861886024475098, "passed": true}, "22": {"execution_time": 0.30146169662475586, "passed": true}, "23": {"execution_time": 0.31328320503234863, "passed": true}}}, "check_style_score": "1/1"}