{"version": "1", "message": "ERROR: Hidden Testcases server unreachable.", "problem_id": "ads2_m2_a1_1", "user_id": "vineethamallu6", "score": {"sample": {"0": {"execution_time": 0.2514455318450928, "passed": false}, "1": {"execution_time": 0.21434760093688965, "passed": false}, "2": {"execution_time": 0.26306700706481934, "passed": true}, "3": {"execution_time": 0.27076244354248047, "passed": false}, "4": {"execution_time": 0.26520323753356934, "passed": true}, "5": {"execution_time": 0.3175191879272461, "passed": false}, "6": {"execution_time": 0.31441283226013184, "passed": true}, "7": {"execution_time": 0.2510182857513428, "passed": true}, "8": {"execution_time": 0.2844972610473633, "passed": true}, "9": {"execution_time": 0.20766234397888184, "passed": true}, "10": {"execution_time": 0.2863900661468506, "passed": true}, "11": {"execution_time": 0.2791872024536133, "passed": true}, "12": {"execution_time": 0.1821739673614502, "passed": true}, "13": {"execution_time": 0.318401575088501, "passed": false}, "14": {"execution_time": 0.27765846252441406, "passed": true}, "15": {"execution_time": 0.3127765655517578, "passed": false}, "16": {"execution_time": 0.28537678718566895, "passed": true}, "17": {"execution_time": 0.26366257667541504, "passed": true}, "18": {"execution_time": 0.22803640365600586, "passed": true}, "19": {"execution_time": 0.2920033931732178, "passed": true}, "20": {"execution_time": 0.346010684967041, "passed": true}, "21": {"execution_time": 0.2478485107421875, "passed": true}, "22": {"execution_time": 0.3774585723876953, "passed": true}, "23": {"execution_time": 0.33439135551452637, "passed": true}}}, "check_style_score": "0/1"}