{"version": "1", "message": "ERROR: Hidden Testcases server unreachable.", "problem_id": "ads2_m2_a1_1", "user_id": "vineethamallu6", "score": {"sample": {"0": {"execution_time": 0.1752462387084961, "passed": false}, "1": {"execution_time": 0.2907092571258545, "passed": false}, "2": {"execution_time": 0.23516011238098145, "passed": true}, "3": {"execution_time": 0.2991957664489746, "passed": false}, "4": {"execution_time": 0.2600278854370117, "passed": true}, "5": {"execution_time": 0.283447265625, "passed": false}, "6": {"execution_time": 0.268782377243042, "passed": true}, "7": {"execution_time": 0.24137115478515625, "passed": true}, "8": {"execution_time": 0.26290202140808105, "passed": true}, "9": {"execution_time": 0.2496020793914795, "passed": true}, "10": {"execution_time": 0.2559068202972412, "passed": true}, "11": {"execution_time": 0.2703537940979004, "passed": true}, "12": {"execution_time": 0.27928853034973145, "passed": true}, "13": {"execution_time": 0.261852502822876, "passed": false}, "14": {"execution_time": 0.384624719619751, "passed": true}, "15": {"execution_time": 0.2292788028717041, "passed": false}, "16": {"execution_time": 0.38022732734680176, "passed": true}, "17": {"execution_time": 0.3173074722290039, "passed": true}, "18": {"execution_time": 0.2968575954437256, "passed": true}, "19": {"execution_time": 0.302173376083374, "passed": true}, "20": {"execution_time": 0.3395202159881592, "passed": true}, "21": {"execution_time": 0.2627577781677246, "passed": true}, "22": {"execution_time": 0.3590977191925049, "passed": true}, "23": {"execution_time": 0.31827855110168457, "passed": true}}}, "check_style_score": "0/1"}