{"version": "1", "message": "ERROR: Hidden Testcases server unreachable.", "problem_id": "ads2_m2_a1_1", "user_id": "vineethamallu6", "score": {"sample": {"0": {"execution_time": 0.33404111862182617, "passed": false}, "1": {"execution_time": 0.26419568061828613, "passed": false}, "2": {"execution_time": 0.24945998191833496, "passed": true}, "3": {"execution_time": 0.26342296600341797, "passed": false}, "4": {"execution_time": 0.2627129554748535, "passed": true}, "5": {"execution_time": 0.28702402114868164, "passed": false}, "6": {"execution_time": 0.2934224605560303, "passed": true}, "7": {"execution_time": 0.2737858295440674, "passed": true}, "8": {"execution_time": 0.23169159889221191, "passed": true}, "9": {"execution_time": 0.27414870262145996, "passed": true}, "10": {"execution_time": 0.2828388214111328, "passed": true}, "11": {"execution_time": 0.2738301753997803, "passed": true}, "12": {"execution_time": 0.221940279006958, "passed": true}, "13": {"execution_time": 0.23476338386535645, "passed": false}, "14": {"execution_time": 0.2283928394317627, "passed": true}, "15": {"execution_time": 0.2654891014099121, "passed": false}, "16": {"execution_time": 0.32093119621276855, "passed": true}, "17": {"execution_time": 0.29160261154174805, "passed": true}, "18": {"execution_time": 0.26358628273010254, "passed": true}, "19": {"execution_time": 0.34293413162231445, "passed": true}, "20": {"execution_time": 0.2904646396636963, "passed": true}, "21": {"execution_time": 0.386873722076416, "passed": true}, "22": {"execution_time": 0.3340723514556885, "passed": true}, "23": {"execution_time": 0.35756874084472656, "passed": true}}}, "check_style_score": "0/1"}