{"version": "1", "message": "ERROR: Hidden Testcases server unreachable.", "problem_id": "ads2_m2_a1_1", "user_id": "vineethamallu6", "score": {"sample": {"0": {"execution_time": 0.32291269302368164, "passed": false}, "1": {"execution_time": 0.2641739845275879, "passed": false}, "2": {"execution_time": 0.2865006923675537, "passed": true}, "3": {"execution_time": 0.19080042839050293, "passed": false}, "4": {"execution_time": 0.24750876426696777, "passed": true}, "5": {"execution_time": 0.2693002223968506, "passed": false}, "6": {"execution_time": 0.29230594635009766, "passed": true}, "7": {"execution_time": 0.18497300148010254, "passed": true}, "8": {"execution_time": 0.2439103126525879, "passed": true}, "9": {"execution_time": 0.2501332759857178, "passed": true}, "10": {"execution_time": 0.32947325706481934, "passed": true}, "11": {"execution_time": 0.2931478023529053, "passed": true}, "12": {"execution_time": 0.2251114845275879, "passed": true}, "13": {"execution_time": 0.2413027286529541, "passed": false}, "14": {"execution_time": 0.2559804916381836, "passed": true}, "15": {"execution_time": 0.29773807525634766, "passed": false}, "16": {"execution_time": 0.27890872955322266, "passed": true}, "17": {"execution_time": 0.2998542785644531, "passed": true}, "18": {"execution_time": 0.31916308403015137, "passed": true}, "19": {"execution_time": 0.3665311336517334, "passed": true}, "20": {"execution_time": 0.3297760486602783, "passed": true}, "21": {"execution_time": 0.21570420265197754, "passed": true}, "22": {"execution_time": 0.42185354232788086, "passed": true}, "23": {"execution_time": 0.4107484817504883, "passed": true}}}, "check_style_score": "0/1"}