{"version": "1", "message": "ERROR: Hidden Testcases server unreachable.", "problem_id": "ads2_m16_a1_1", "user_id": "vineethamallu6", "score": {"sample": {"0": {"execution_time": 0.41533684730529785, "passed": true}, "1": {"execution_time": 0.41334033012390137, "passed": true}, "2": {"execution_time": 0.7623820304870605, "passed": true}, "3": {"execution_time": 0.8009555339813232, "passed": true}, "4": {"execution_time": 0.9342701435089111, "passed": true}, "5": {"execution_time": 0.8078505992889404, "passed": true}, "6": {"execution_time": 0.8527076244354248, "passed": true}, "7": {"execution_time": 0.8971974849700928, "passed": true}, "8": {"execution_time": 0.42696189880371094, "passed": true}, "9": {"execution_time": 0.8183560371398926, "passed": true}, "10": {"execution_time": 0.8676059246063232, "passed": true}, "11": {"execution_time": 4.0114099979400635, "passed": true}, "12": {"execution_time": 0.7791552543640137, "passed": true}, "13": {"execution_time": 0.3277883529663086, "passed": true}, "14": {"execution_time": 0.7742800712585449, "passed": true}, "15": {"execution_time": 0.7974488735198975, "passed": true}, "16": {"execution_time": 0.43183279037475586, "passed": true}, "17": {"execution_time": 0.45227742195129395, "passed": true}, "18": {"execution_time": 0.47072601318359375, "passed": true}, "19": {"execution_time": 0.4654057025909424, "passed": true}, "20": {"execution_time": 0.47832560539245605, "passed": true}, "21": {"execution_time": 0.45200371742248535, "passed": true}, "22": {"execution_time": 0.5824549198150635, "passed": true}, "23": {"execution_time": 0.46425890922546387, "passed": true}, "24": {"execution_time": 0.34615612030029297, "passed": true}, "25": {"execution_time": 0.8169872760772705, "passed": true}, "26": {"execution_time": 0.689208984375, "passed": true}, "27": {"execution_time": 0.8815698623657227, "passed": true}, "28": {"execution_time": 1.260019063949585, "passed": true}, "29": {"execution_time": 0.39855122566223145, "passed": false}}}, "check_style_score": "0/1"}