{"version": "1", "message": "ERROR: Hidden Testcases server unreachable.", "problem_id": "ads2_m16_a1_1", "user_id": "vineethamallu6", "score": {"sample": {"0": {"execution_time": 1.4107365608215332, "passed": true}, "1": {"execution_time": 0.3020472526550293, "passed": true}, "2": {"execution_time": 1.4128282070159912, "passed": true}, "3": {"execution_time": 0.9929213523864746, "passed": true}, "4": {"execution_time": 1.0184905529022217, "passed": true}, "5": {"execution_time": 0.9489514827728271, "passed": true}, "6": {"execution_time": 0.9831259250640869, "passed": true}, "7": {"execution_time": 0.8964962959289551, "passed": true}, "8": {"execution_time": 0.6025640964508057, "passed": true}, "9": {"execution_time": 0.7971274852752686, "passed": true}, "10": {"execution_time": 0.8768000602722168, "passed": true}, "11": {"execution_time": 4.10715126991272, "passed": true}, "12": {"execution_time": 0.9299001693725586, "passed": true}, "13": {"execution_time": 0.439774751663208, "passed": true}, "14": {"execution_time": 0.7892789840698242, "passed": true}, "15": {"execution_time": 0.884131908416748, "passed": true}, "16": {"execution_time": 0.5169954299926758, "passed": true}, "17": {"execution_time": 0.5366599559783936, "passed": true}, "18": {"execution_time": 0.6520345211029053, "passed": true}, "19": {"execution_time": 0.5794079303741455, "passed": true}, "20": {"execution_time": 0.5490145683288574, "passed": true}, "21": {"execution_time": 0.5051162242889404, "passed": true}, "22": {"execution_time": 0.46964359283447266, "passed": true}, "23": {"execution_time": 0.7008399963378906, "passed": true}, "24": {"execution_time": 0.5796408653259277, "passed": true}, "25": {"execution_time": 0.8941454887390137, "passed": true}, "26": {"execution_time": 1.6577785015106201, "passed": true}, "27": {"execution_time": 1.984264612197876, "passed": true}, "28": {"execution_time": 1.3314411640167236, "passed": true}, "29": {"execution_time": 0.5610377788543701, "passed": true}}}, "check_style_score": "0/1"}