{"version": "1", "message": "ERROR: Hidden Testcases server unreachable.", "problem_id": "ads2_m16_a1_1", "user_id": "vineethamallu6", "score": {"sample": {"0": {"execution_time": 0.6860558986663818, "passed": true}, "1": {"execution_time": 0.33098745346069336, "passed": true}, "2": {"execution_time": 0.7644765377044678, "passed": true}, "3": {"execution_time": 0.8506209850311279, "passed": true}, "4": {"execution_time": 0.8338358402252197, "passed": true}, "5": {"execution_time": 0.8133516311645508, "passed": true}, "6": {"execution_time": 0.8138535022735596, "passed": true}, "7": {"execution_time": 0.8014333248138428, "passed": true}, "8": {"execution_time": 0.5056674480438232, "passed": true}, "9": {"execution_time": 0.857304573059082, "passed": true}, "10": {"execution_time": 0.8334462642669678, "passed": true}, "11": {"execution_time": 3.933601140975952, "passed": true}, "12": {"execution_time": 0.8192975521087646, "passed": true}, "13": {"execution_time": 0.3910050392150879, "passed": true}, "14": {"execution_time": 0.7326498031616211, "passed": true}, "15": {"execution_time": 0.8250846862792969, "passed": true}, "16": {"execution_time": 0.42223310470581055, "passed": true}, "17": {"execution_time": 0.4823873043060303, "passed": true}, "18": {"execution_time": 0.4570181369781494, "passed": true}, "19": {"execution_time": 0.49428844451904297, "passed": true}, "20": {"execution_time": 0.559025764465332, "passed": true}, "21": {"execution_time": 0.5130212306976318, "passed": true}, "22": {"execution_time": 0.4561197757720947, "passed": true}, "23": {"execution_time": 0.4821205139160156, "passed": true}, "24": {"execution_time": 0.3247652053833008, "passed": true}, "25": {"execution_time": 0.808600902557373, "passed": true}, "26": {"execution_time": 0.7198708057403564, "passed": true}, "27": {"execution_time": 0.7987995147705078, "passed": true}, "28": {"execution_time": 1.234001636505127, "passed": true}, "29": {"execution_time": 0.4011523723602295, "passed": false}}}, "check_style_score": "0/1"}