{"version": "1", "message": "ERROR: Hidden Testcases server unreachable.", "problem_id": "ads2_m16_a1_1", "user_id": "vineethamallu6", "score": {"sample": {"0": {"execution_time": 0.37526869773864746, "passed": true}, "1": {"execution_time": 1.0722019672393799, "passed": true}, "2": {"execution_time": 0.8242809772491455, "passed": true}, "3": {"execution_time": 0.8058903217315674, "passed": true}, "4": {"execution_time": 0.7597293853759766, "passed": true}, "5": {"execution_time": 1.588735818862915, "passed": true}, "6": {"execution_time": 1.0259482860565186, "passed": true}, "7": {"execution_time": 0.8775334358215332, "passed": true}, "8": {"execution_time": 0.42645931243896484, "passed": true}, "9": {"execution_time": 0.9695456027984619, "passed": true}, "10": {"execution_time": 0.7840018272399902, "passed": true}, "11": {"execution_time": 3.840543508529663, "passed": true}, "12": {"execution_time": 0.7854182720184326, "passed": true}, "13": {"execution_time": 0.3709263801574707, "passed": true}, "14": {"execution_time": 0.803370475769043, "passed": true}, "15": {"execution_time": 0.8344507217407227, "passed": true}, "16": {"execution_time": 0.4295353889465332, "passed": true}, "17": {"execution_time": 0.45374393463134766, "passed": true}, "18": {"execution_time": 0.45262885093688965, "passed": true}, "19": {"execution_time": 0.45015859603881836, "passed": true}, "20": {"execution_time": 0.4688079357147217, "passed": true}, "21": {"execution_time": 0.4662740230560303, "passed": true}, "22": {"execution_time": 0.4408597946166992, "passed": true}, "23": {"execution_time": 0.47510862350463867, "passed": true}, "24": {"execution_time": 0.3602566719055176, "passed": true}, "25": {"execution_time": 0.8379347324371338, "passed": true}, "26": {"execution_time": 0.7086553573608398, "passed": true}, "27": {"execution_time": 0.8866333961486816, "passed": true}, "28": {"execution_time": 1.2091827392578125, "passed": true}, "29": {"execution_time": 0.3338160514831543, "passed": true}}}, "check_style_score": "0/1"}