{"version": "1", "message": "ERROR: Hidden Testcases server unreachable.", "problem_id": "ads2_m16_a1_1", "user_id": "vineethamallu6", "score": {"sample": {"0": {"execution_time": 0.39644718170166016, "passed": true}, "1": {"execution_time": 0.3593893051147461, "passed": true}, "2": {"execution_time": 0.7409873008728027, "passed": true}, "3": {"execution_time": 0.7847867012023926, "passed": true}, "4": {"execution_time": 0.8060450553894043, "passed": true}, "5": {"execution_time": 0.9995348453521729, "passed": true}, "6": {"execution_time": 0.7176244258880615, "passed": true}, "7": {"execution_time": 0.8132045269012451, "passed": true}, "8": {"execution_time": 0.45951318740844727, "passed": true}, "9": {"execution_time": 0.7527172565460205, "passed": true}, "10": {"execution_time": 0.8034799098968506, "passed": true}, "11": {"execution_time": 3.8816115856170654, "passed": true}, "12": {"execution_time": 0.7700555324554443, "passed": true}, "13": {"execution_time": 0.36348676681518555, "passed": true}, "14": {"execution_time": 0.7543618679046631, "passed": true}, "15": {"execution_time": 0.7744319438934326, "passed": true}, "16": {"execution_time": 0.45020627975463867, "passed": true}, "17": {"execution_time": 0.41223692893981934, "passed": true}, "18": {"execution_time": 0.477327823638916, "passed": true}, "19": {"execution_time": 0.46105504035949707, "passed": true}, "20": {"execution_time": 0.48707103729248047, "passed": true}, "21": {"execution_time": 0.45960235595703125, "passed": true}, "22": {"execution_time": 0.4377624988555908, "passed": true}, "23": {"execution_time": 0.4725372791290283, "passed": true}, "24": {"execution_time": 0.3647785186767578, "passed": true}, "25": {"execution_time": 0.8364479541778564, "passed": true}, "26": {"execution_time": 0.7044134140014648, "passed": true}, "27": {"execution_time": 0.8342511653900146, "passed": true}, "28": {"execution_time": 1.2352137565612793, "passed": true}, "29": {"execution_time": 0.4250526428222656, "passed": true}}}, "check_style_score": "0/1"}