{"version": "1", "message": "ERROR: Hidden Testcases server unreachable.", "problem_id": "ads2_m16_a1_1", "user_id": "vineethamallu6", "score": {"sample": {"0": {"execution_time": 0.38811802864074707, "passed": true}, "1": {"execution_time": 0.5275611877441406, "passed": true}, "2": {"execution_time": 0.7671046257019043, "passed": true}, "3": {"execution_time": 0.7792532444000244, "passed": true}, "4": {"execution_time": 0.7955060005187988, "passed": true}, "5": {"execution_time": 0.8294737339019775, "passed": true}, "6": {"execution_time": 0.7967429161071777, "passed": true}, "7": {"execution_time": 0.843106746673584, "passed": true}, "8": {"execution_time": 0.5124409198760986, "passed": true}, "9": {"execution_time": 0.7382240295410156, "passed": true}, "10": {"execution_time": 0.7836637496948242, "passed": true}, "11": {"execution_time": 3.968233346939087, "passed": true}, "12": {"execution_time": 0.8850874900817871, "passed": true}, "13": {"execution_time": 0.3918430805206299, "passed": true}, "14": {"execution_time": 0.7362844944000244, "passed": true}, "15": {"execution_time": 0.824260950088501, "passed": true}, "16": {"execution_time": 0.44322729110717773, "passed": true}, "17": {"execution_time": 0.4509141445159912, "passed": true}, "18": {"execution_time": 0.48411107063293457, "passed": true}, "19": {"execution_time": 0.4836907386779785, "passed": true}, "20": {"execution_time": 0.5118613243103027, "passed": true}, "21": {"execution_time": 0.48077821731567383, "passed": true}, "22": {"execution_time": 0.441730260848999, "passed": true}, "23": {"execution_time": 0.43567419052124023, "passed": true}, "24": {"execution_time": 0.35163426399230957, "passed": true}, "25": {"execution_time": 0.8546473979949951, "passed": true}, "26": {"execution_time": 0.6819324493408203, "passed": true}, "27": {"execution_time": 0.8183963298797607, "passed": true}, "28": {"execution_time": 1.2324321269989014, "passed": true}, "29": {"execution_time": 0.30083799362182617, "passed": false}}}, "check_style_score": "0/1"}