{"version": "1", "message": "ERROR: Hidden Testcases server unreachable.", "problem_id": "ads2_m16_a1_1", "user_id": "vineethamallu6", "score": {"sample": {"0": {"execution_time": 0.4367258548736572, "passed": true}, "1": {"execution_time": 0.4050595760345459, "passed": true}, "2": {"execution_time": 0.7782330513000488, "passed": true}, "3": {"execution_time": 0.8087003231048584, "passed": true}, "4": {"execution_time": 0.7453944683074951, "passed": true}, "5": {"execution_time": 0.8531439304351807, "passed": true}, "6": {"execution_time": 0.8427712917327881, "passed": true}, "7": {"execution_time": 0.8430531024932861, "passed": true}, "8": {"execution_time": 0.4801182746887207, "passed": true}, "9": {"execution_time": 0.7874040603637695, "passed": true}, "10": {"execution_time": 0.7623834609985352, "passed": true}, "11": {"execution_time": 3.858625650405884, "passed": true}, "12": {"execution_time": 0.776939868927002, "passed": true}, "13": {"execution_time": 0.3397810459136963, "passed": true}, "14": {"execution_time": 0.7599520683288574, "passed": true}, "15": {"execution_time": 0.8108878135681152, "passed": true}, "16": {"execution_time": 0.44733619689941406, "passed": true}, "17": {"execution_time": 0.4627234935760498, "passed": true}, "18": {"execution_time": 0.4239029884338379, "passed": true}, "19": {"execution_time": 0.474733829498291, "passed": true}, "20": {"execution_time": 0.4917302131652832, "passed": true}, "21": {"execution_time": 0.5162136554718018, "passed": true}, "22": {"execution_time": 0.42525362968444824, "passed": true}, "23": {"execution_time": 0.490506649017334, "passed": true}, "24": {"execution_time": 0.3685872554779053, "passed": true}, "25": {"execution_time": 0.8622684478759766, "passed": true}, "26": {"execution_time": 0.7024383544921875, "passed": true}, "27": {"execution_time": 0.8296146392822266, "passed": true}, "28": {"execution_time": 1.2393441200256348, "passed": true}, "29": {"execution_time": 0.3272702693939209, "passed": false}}}, "check_style_score": "0/1"}