{"version": "1", "message": "ERROR: Hidden Testcases server unreachable.", "problem_id": "ads2_m4_a1_1", "user_id": "vineethamallu6", "score": {"sample": {"0": {"execution_time": 0.25527477264404297, "passed": true}, "1": {"execution_time": 0.1775221824645996, "passed": false}, "2": {"execution_time": 0.17270970344543457, "passed": false}, "3": {"execution_time": 0.18419575691223145, "passed": false}, "4": {"execution_time": 0.24099326133728027, "passed": false}, "5": {"execution_time": 0.22330379486083984, "passed": false}, "6": {"execution_time": 0.25583529472351074, "passed": false}, "7": {"execution_time": 0.2509949207305908, "passed": false}, "8": {"execution_time": 0.223175048828125, "passed": true}, "9": {"execution_time": 0.17545270919799805, "passed": true}, "10": {"execution_time": 0.18955397605895996, "passed": true}, "11": {"execution_time": 0.25899362564086914, "passed": false}, "12": {"execution_time": 0.2295703887939453, "passed": false}, "13": {"execution_time": 0.2098391056060791, "passed": false}, "14": {"execution_time": 0.2066342830657959, "passed": true}}}, "check_style_score": "0/1"}