{"version": "1", "message": "ERROR: Hidden Testcases server unreachable.", "problem_id": "ads2_m4_a1_1", "user_id": "vineethamallu6", "score": {"sample": {"0": {"execution_time": 0.9600367546081543, "passed": true}, "1": {"execution_time": 0.6515328884124756, "passed": true}, "2": {"execution_time": 0.31028294563293457, "passed": true}, "3": {"execution_time": 0.5295524597167969, "passed": true}, "4": {"execution_time": 0.2939763069152832, "passed": true}, "5": {"execution_time": 0.3008437156677246, "passed": true}, "6": {"execution_time": 0.3064088821411133, "passed": true}, "7": {"execution_time": 0.3259615898132324, "passed": true}, "8": {"execution_time": 0.32690000534057617, "passed": true}, "9": {"execution_time": 0.27492427825927734, "passed": true}, "10": {"execution_time": 0.23658084869384766, "passed": true}, "11": {"execution_time": 0.24030041694641113, "passed": true}, "12": {"execution_time": 0.2526412010192871, "passed": true}, "13": {"execution_time": 1.4044389724731445, "passed": true}, "14": {"execution_time": 0.3030705451965332, "passed": true}}}, "check_style_score": "0/1"}