{"version": "1", "message": "ERROR: Hidden Testcases server unreachable.", "problem_id": "ads2_m4_a1_1", "user_id": "vineethamallu6", "score": {"sample": {"0": {"execution_time": 0.2479104995727539, "passed": true}, "1": {"execution_time": 0.26650047302246094, "passed": false}, "2": {"execution_time": 0.3157014846801758, "passed": false}, "3": {"execution_time": 0.3258814811706543, "passed": false}, "4": {"execution_time": 0.32468557357788086, "passed": false}, "5": {"execution_time": 0.3101053237915039, "passed": false}, "6": {"execution_time": 0.2777695655822754, "passed": false}, "7": {"execution_time": 0.18688249588012695, "passed": false}, "8": {"execution_time": 0.3177816867828369, "passed": true}, "9": {"execution_time": 0.20815777778625488, "passed": true}, "10": {"execution_time": 0.2550172805786133, "passed": true}, "11": {"execution_time": 0.3091695308685303, "passed": true}, "12": {"execution_time": 0.2838139533996582, "passed": true}, "13": {"execution_time": 1.1520960330963135, "passed": false}, "14": {"execution_time": 0.3119814395904541, "passed": true}}}, "check_style_score": "0/1"}