{"version": "1", "message": "ERROR: Hidden Testcases server unreachable.", "problem_id": "ads2_m4_a1_1", "user_id": "vineethamallu6", "score": {"sample": {"0": {"execution_time": 0.3540937900543213, "passed": true}, "1": {"execution_time": 0.29349374771118164, "passed": false}, "2": {"execution_time": 0.3339965343475342, "passed": false}, "3": {"execution_time": 0.34681272506713867, "passed": false}, "4": {"execution_time": 0.30788111686706543, "passed": false}, "5": {"execution_time": 0.3047335147857666, "passed": false}, "6": {"execution_time": 0.33647990226745605, "passed": false}, "7": {"execution_time": 0.228379487991333, "passed": false}, "8": {"execution_time": 0.37024521827697754, "passed": true}, "9": {"execution_time": 0.24756503105163574, "passed": true}, "10": {"execution_time": 0.34929966926574707, "passed": true}, "11": {"execution_time": 0.19642066955566406, "passed": true}, "12": {"execution_time": 0.31629419326782227, "passed": true}, "13": {"execution_time": 1.1680996417999268, "passed": false}, "14": {"execution_time": 0.22435402870178223, "passed": true}}}, "check_style_score": "1/1"}