{"version": "1", "message": "ERROR: Hidden Testcases server unreachable.", "problem_id": "ads2_m4_a1_1", "user_id": "vineethamallu6", "score": {"sample": {"0": {"execution_time": 0.24755167961120605, "passed": true}, "1": {"execution_time": 0.19669508934020996, "passed": false}, "2": {"execution_time": 0.17505168914794922, "passed": false}, "3": {"execution_time": 0.21509718894958496, "passed": false}, "4": {"execution_time": 0.17767071723937988, "passed": false}, "5": {"execution_time": 0.20246195793151855, "passed": false}, "6": {"execution_time": 0.19661521911621094, "passed": false}, "7": {"execution_time": 0.19999194145202637, "passed": false}, "8": {"execution_time": 0.22369146347045898, "passed": true}, "9": {"execution_time": 0.17544245719909668, "passed": true}, "10": {"execution_time": 0.19152069091796875, "passed": true}, "11": {"execution_time": 0.19817066192626953, "passed": false}, "12": {"execution_time": 0.18006539344787598, "passed": false}, "13": {"execution_time": 0.19636225700378418, "passed": false}, "14": {"execution_time": 0.17629361152648926, "passed": true}}}, "check_style_score": "0/1"}