{"version": "1", "message": "ERROR: Hidden Testcases server unreachable.", "problem_id": "ads2_m4_a1_1", "user_id": "vineethamallu6", "score": {"sample": {"0": {"execution_time": 0.3981318473815918, "passed": true}, "1": {"execution_time": 0.2938416004180908, "passed": false}, "2": {"execution_time": 0.3322770595550537, "passed": false}, "3": {"execution_time": 0.36174583435058594, "passed": false}, "4": {"execution_time": 0.2711355686187744, "passed": false}, "5": {"execution_time": 0.27139759063720703, "passed": false}, "6": {"execution_time": 0.2948131561279297, "passed": false}, "7": {"execution_time": 0.3252549171447754, "passed": false}, "8": {"execution_time": 0.31436681747436523, "passed": true}, "9": {"execution_time": 0.4037494659423828, "passed": true}, "10": {"execution_time": 0.2861804962158203, "passed": true}, "11": {"execution_time": 0.2593832015991211, "passed": true}, "12": {"execution_time": 0.312483549118042, "passed": true}, "13": {"execution_time": 1.1372973918914795, "passed": false}, "14": {"execution_time": 0.27541136741638184, "passed": true}}}, "check_style_score": "0/1"}