{"version": "1", "message": "ERROR: Hidden Testcases server unreachable.", "problem_id": "ads2_m4_a1_1", "user_id": "vineethamallu6", "score": {"sample": {"0": {"execution_time": 0.263826847076416, "passed": true}, "1": {"execution_time": 0.21966195106506348, "passed": true}, "2": {"execution_time": 0.33711814880371094, "passed": true}, "3": {"execution_time": 0.319199800491333, "passed": true}, "4": {"execution_time": 0.21614813804626465, "passed": true}, "5": {"execution_time": 0.2089691162109375, "passed": true}, "6": {"execution_time": 0.23301410675048828, "passed": true}, "7": {"execution_time": 0.23074984550476074, "passed": true}, "8": {"execution_time": 0.24297761917114258, "passed": true}, "9": {"execution_time": 0.18660593032836914, "passed": true}, "10": {"execution_time": 0.18659496307373047, "passed": true}, "11": {"execution_time": 0.19665145874023438, "passed": true}, "12": {"execution_time": 0.17811250686645508, "passed": true}, "13": {"execution_time": 1.186682939529419, "passed": true}, "14": {"execution_time": 0.1925957202911377, "passed": true}}}, "check_style_score": "1/1"}