{"version": "1", "message": "ERROR: Hidden Testcases server unreachable.", "problem_id": "ads2_m4_a1_1", "user_id": "vineethamallu6", "score": {"sample": {"0": {"execution_time": 0.2635681629180908, "passed": true}, "1": {"execution_time": 0.26649904251098633, "passed": true}, "2": {"execution_time": 0.3604106903076172, "passed": true}, "3": {"execution_time": 0.3576998710632324, "passed": true}, "4": {"execution_time": 0.29431819915771484, "passed": true}, "5": {"execution_time": 0.3567166328430176, "passed": true}, "6": {"execution_time": 0.2992532253265381, "passed": true}, "7": {"execution_time": 0.2509026527404785, "passed": true}, "8": {"execution_time": 0.3433804512023926, "passed": true}, "9": {"execution_time": 0.29964709281921387, "passed": true}, "10": {"execution_time": 0.28654932975769043, "passed": true}, "11": {"execution_time": 0.2827799320220947, "passed": true}, "12": {"execution_time": 0.25824928283691406, "passed": true}, "13": {"execution_time": 1.3696045875549316, "passed": true}, "14": {"execution_time": 0.2617921829223633, "passed": true}}}, "check_style_score": "0/1"}