{"version": "1", "message": "ERROR: Hidden Testcases server unreachable.", "problem_id": "ads2_m4_a1_1", "user_id": "vineethamallu6", "score": {"sample": {"0": {"execution_time": 0.25926661491394043, "passed": true}, "1": {"execution_time": 0.5249152183532715, "passed": false}, "2": {"execution_time": 0.33715152740478516, "passed": false}, "3": {"execution_time": 0.4817783832550049, "passed": false}, "4": {"execution_time": 0.3881223201751709, "passed": false}, "5": {"execution_time": 0.2916834354400635, "passed": false}, "6": {"execution_time": 0.29181718826293945, "passed": false}, "7": {"execution_time": 0.35744309425354004, "passed": false}, "8": {"execution_time": 0.5326642990112305, "passed": true}, "9": {"execution_time": 0.4153892993927002, "passed": true}, "10": {"execution_time": 0.40557098388671875, "passed": true}, "11": {"execution_time": 0.44401049613952637, "passed": true}, "12": {"execution_time": 0.3375248908996582, "passed": true}, "13": {"execution_time": 1.338254690170288, "passed": false}, "14": {"execution_time": 0.3764820098876953, "passed": true}}}, "check_style_score": "1/1"}