{"version": "1", "message": "ERROR: Hidden Testcases server unreachable.", "problem_id": "ads2_m4_a1_1", "user_id": "vineethamallu6", "score": {"sample": {"0": {"execution_time": 0.24893808364868164, "passed": true}, "1": {"execution_time": 0.2945985794067383, "passed": true}, "2": {"execution_time": 0.38958001136779785, "passed": true}, "3": {"execution_time": 0.4119114875793457, "passed": true}, "4": {"execution_time": 0.39801764488220215, "passed": true}, "5": {"execution_time": 0.32822155952453613, "passed": true}, "6": {"execution_time": 0.3261396884918213, "passed": true}, "7": {"execution_time": 0.2729485034942627, "passed": true}, "8": {"execution_time": 0.3250243663787842, "passed": true}, "9": {"execution_time": 0.2977440357208252, "passed": true}, "10": {"execution_time": 0.25984811782836914, "passed": true}, "11": {"execution_time": 0.2644236087799072, "passed": true}, "12": {"execution_time": 0.2645888328552246, "passed": true}, "13": {"execution_time": 1.2853147983551025, "passed": true}, "14": {"execution_time": 0.31054091453552246, "passed": true}}}, "check_style_score": "0/1"}