{"version": "1", "message": "ERROR: Hidden Testcases server unreachable.", "problem_id": "ads2_m4_a1_1", "user_id": "vineethamallu6", "score": {"sample": {"0": {"execution_time": 0.2529730796813965, "passed": true}, "1": {"execution_time": 0.24433302879333496, "passed": false}, "2": {"execution_time": 0.2808527946472168, "passed": false}, "3": {"execution_time": 0.29563188552856445, "passed": false}, "4": {"execution_time": 0.3179154396057129, "passed": false}, "5": {"execution_time": 0.37681078910827637, "passed": false}, "6": {"execution_time": 0.3124070167541504, "passed": false}, "7": {"execution_time": 0.2842369079589844, "passed": false}, "8": {"execution_time": 0.32685112953186035, "passed": false}, "9": {"execution_time": 0.29641103744506836, "passed": false}, "10": {"execution_time": 0.31510353088378906, "passed": false}, "11": {"execution_time": 0.34174442291259766, "passed": false}, "12": {"execution_time": 0.23098087310791016, "passed": false}, "13": {"execution_time": 0.2973310947418213, "passed": false}, "14": {"execution_time": 0.33020997047424316, "passed": false}}}, "check_style_score": "0/1"}