{"version": "1", "message": "ERROR: Hidden Testcases server unreachable.", "problem_id": "ads2_m4_a1_1", "user_id": "vineethamallu6", "score": {"sample": {"0": {"execution_time": 0.3582031726837158, "passed": true}, "1": {"execution_time": 0.3099055290222168, "passed": true}, "2": {"execution_time": 0.34638214111328125, "passed": true}, "3": {"execution_time": 0.5725390911102295, "passed": true}, "4": {"execution_time": 0.25942111015319824, "passed": true}, "5": {"execution_time": 0.37122058868408203, "passed": true}, "6": {"execution_time": 0.3159770965576172, "passed": true}, "7": {"execution_time": 0.3073709011077881, "passed": true}, "8": {"execution_time": 0.2241816520690918, "passed": true}, "9": {"execution_time": 0.3696939945220947, "passed": true}, "10": {"execution_time": 0.3361034393310547, "passed": true}, "11": {"execution_time": 0.24910974502563477, "passed": true}, "12": {"execution_time": 0.2869987487792969, "passed": true}, "13": {"execution_time": 1.2516489028930664, "passed": true}, "14": {"execution_time": 0.23450660705566406, "passed": true}}}, "check_style_score": "0/1"}