{"version": "1", "message": "ERROR: Hidden Testcases server unreachable.", "problem_id": "ads2_m4_a1_1", "user_id": "vineethamallu6", "score": {"sample": {"0": {"execution_time": 0.2933638095855713, "passed": true}, "1": {"execution_time": 0.3116304874420166, "passed": false}, "2": {"execution_time": 0.43978452682495117, "passed": false}, "3": {"execution_time": 0.25756287574768066, "passed": false}, "4": {"execution_time": 0.19009160995483398, "passed": false}, "5": {"execution_time": 0.19495010375976562, "passed": false}, "6": {"execution_time": 0.2718484401702881, "passed": false}, "7": {"execution_time": 0.303757905960083, "passed": false}, "8": {"execution_time": 0.2460949420928955, "passed": true}, "9": {"execution_time": 0.1889035701751709, "passed": true}, "10": {"execution_time": 0.296539306640625, "passed": true}, "11": {"execution_time": 0.3046104907989502, "passed": true}, "12": {"execution_time": 0.30438995361328125, "passed": true}, "13": {"execution_time": 1.0113613605499268, "passed": false}, "14": {"execution_time": 0.21556472778320312, "passed": true}}}, "check_style_score": "0/1"}