{"version": "1", "message": "ERROR: Hidden Testcases server unreachable.", "problem_id": "ads2_m4_a1_1", "user_id": "vineethamallu6", "score": {"sample": {"0": {"execution_time": 0.2523519992828369, "passed": true}, "1": {"execution_time": 0.18538260459899902, "passed": false}, "2": {"execution_time": 0.166731595993042, "passed": false}, "3": {"execution_time": 0.18175005912780762, "passed": false}, "4": {"execution_time": 0.24246549606323242, "passed": false}, "5": {"execution_time": 0.23046612739562988, "passed": false}, "6": {"execution_time": 0.22835040092468262, "passed": false}, "7": {"execution_time": 0.21240782737731934, "passed": false}, "8": {"execution_time": 0.21422338485717773, "passed": true}, "9": {"execution_time": 0.2168903350830078, "passed": false}, "10": {"execution_time": 0.21534943580627441, "passed": false}, "11": {"execution_time": 0.24386334419250488, "passed": false}, "12": {"execution_time": 0.22382354736328125, "passed": false}, "13": {"execution_time": 0.18003511428833008, "passed": false}, "14": {"execution_time": 0.17770814895629883, "passed": true}}}, "check_style_score": "0/1"}