{"version": "1", "message": "ERROR: Hidden Testcases server unreachable.", "problem_id": "ads2_m4_a1_1", "user_id": "vineethamallu6", "score": {"sample": {"0": {"execution_time": 0.2459259033203125, "passed": true}, "1": {"execution_time": 0.22686314582824707, "passed": true}, "2": {"execution_time": 0.30530786514282227, "passed": true}, "3": {"execution_time": 0.2621896266937256, "passed": true}, "4": {"execution_time": 0.20477652549743652, "passed": true}, "5": {"execution_time": 0.2124183177947998, "passed": true}, "6": {"execution_time": 0.2148118019104004, "passed": true}, "7": {"execution_time": 0.21171855926513672, "passed": true}, "8": {"execution_time": 0.23394322395324707, "passed": true}, "9": {"execution_time": 0.18146753311157227, "passed": true}, "10": {"execution_time": 0.17955708503723145, "passed": true}, "11": {"execution_time": 0.20639729499816895, "passed": true}, "12": {"execution_time": 0.2126302719116211, "passed": true}, "13": {"execution_time": 1.1860945224761963, "passed": true}, "14": {"execution_time": 0.19431042671203613, "passed": true}}}, "check_style_score": "1/1"}