{"version": "1", "message": "ERROR: Hidden Testcases server unreachable.", "problem_id": "ads2_m4_a1_1", "user_id": "vineethamallu6", "score": {"sample": {"0": {"execution_time": 0.24268746376037598, "passed": true}, "1": {"execution_time": 0.22624421119689941, "passed": true}, "2": {"execution_time": 0.24469518661499023, "passed": true}, "3": {"execution_time": 0.2893037796020508, "passed": true}, "4": {"execution_time": 0.20085477828979492, "passed": true}, "5": {"execution_time": 0.24121403694152832, "passed": true}, "6": {"execution_time": 0.22652578353881836, "passed": true}, "7": {"execution_time": 0.22389817237854004, "passed": true}, "8": {"execution_time": 0.27064037322998047, "passed": true}, "9": {"execution_time": 0.2089066505432129, "passed": true}, "10": {"execution_time": 0.18706274032592773, "passed": true}, "11": {"execution_time": 0.19800734519958496, "passed": true}, "12": {"execution_time": 0.24010586738586426, "passed": true}, "13": {"execution_time": 1.1625051498413086, "passed": true}, "14": {"execution_time": 0.2267463207244873, "passed": true}}}, "check_style_score": "0/1"}