{"version": "1", "message": "ERROR: Hidden Testcases server unreachable.", "problem_id": "ads2_m4_a1_1", "user_id": "vineethamallu6", "score": {"sample": {"0": {"execution_time": 0.279233455657959, "passed": true}, "1": {"execution_time": 0.3111259937286377, "passed": false}, "2": {"execution_time": 0.37282252311706543, "passed": false}, "3": {"execution_time": 0.4722330570220947, "passed": false}, "4": {"execution_time": 0.2758200168609619, "passed": false}, "5": {"execution_time": 0.23405241966247559, "passed": false}, "6": {"execution_time": 0.27648043632507324, "passed": false}, "7": {"execution_time": 0.30861854553222656, "passed": false}, "8": {"execution_time": 0.28339147567749023, "passed": true}, "9": {"execution_time": 0.24938178062438965, "passed": true}, "10": {"execution_time": 0.23848605155944824, "passed": true}, "11": {"execution_time": 0.2697598934173584, "passed": true}, "12": {"execution_time": 0.28934288024902344, "passed": true}, "13": {"execution_time": 1.15272855758667, "passed": false}, "14": {"execution_time": 0.2646510601043701, "passed": true}}}, "check_style_score": "0/1"}