{"version": "1", "message": "ERROR: Hidden Testcases server unreachable.", "problem_id": "ads2_m4_a1_1", "user_id": "vineethamallu6", "score": {"sample": {"0": {"execution_time": 0.370150089263916, "passed": true}, "1": {"execution_time": 0.21521615982055664, "passed": false}, "2": {"execution_time": 0.4320533275604248, "passed": false}, "3": {"execution_time": 0.5610439777374268, "passed": false}, "4": {"execution_time": 0.38161683082580566, "passed": false}, "5": {"execution_time": 0.4330141544342041, "passed": false}, "6": {"execution_time": 0.2677299976348877, "passed": false}, "7": {"execution_time": 0.4688148498535156, "passed": false}, "8": {"execution_time": 0.4703798294067383, "passed": true}, "9": {"execution_time": 0.4336416721343994, "passed": true}, "10": {"execution_time": 0.3142070770263672, "passed": true}, "11": {"execution_time": 0.38878846168518066, "passed": true}, "12": {"execution_time": 0.33266305923461914, "passed": true}, "13": {"execution_time": 1.4452366828918457, "passed": false}, "14": {"execution_time": 0.4479959011077881, "passed": true}}}, "check_style_score": "1/1"}