{"version": "1", "message": "ERROR: Hidden Testcases server unreachable.", "problem_id": "ads2_m4_a1_1", "user_id": "vineethamallu6", "score": {"sample": {"0": {"execution_time": 0.27357912063598633, "passed": true}, "1": {"execution_time": 0.1712503433227539, "passed": false}, "2": {"execution_time": 0.1771526336669922, "passed": false}, "3": {"execution_time": 0.178328275680542, "passed": false}, "4": {"execution_time": 0.22701430320739746, "passed": false}, "5": {"execution_time": 0.2575356960296631, "passed": false}, "6": {"execution_time": 0.22347617149353027, "passed": false}, "7": {"execution_time": 0.24949049949645996, "passed": false}, "8": {"execution_time": 0.23372673988342285, "passed": true}, "9": {"execution_time": 0.19223928451538086, "passed": false}, "10": {"execution_time": 0.17335057258605957, "passed": false}, "11": {"execution_time": 0.263430118560791, "passed": false}, "12": {"execution_time": 0.26724910736083984, "passed": false}, "13": {"execution_time": 0.17503046989440918, "passed": false}, "14": {"execution_time": 0.17323970794677734, "passed": true}}}, "check_style_score": "0/1"}