{"version": "1", "message": "ERROR: Hidden Testcases server unreachable.", "problem_id": "ads2_m4_a1_1", "user_id": "vineethamallu6", "score": {"sample": {"0": {"execution_time": 0.31137800216674805, "passed": true}, "1": {"execution_time": 0.2720510959625244, "passed": true}, "2": {"execution_time": 0.345292329788208, "passed": true}, "3": {"execution_time": 0.37778449058532715, "passed": true}, "4": {"execution_time": 0.27267956733703613, "passed": true}, "5": {"execution_time": 0.37058305740356445, "passed": true}, "6": {"execution_time": 0.5005917549133301, "passed": true}, "7": {"execution_time": 0.30923986434936523, "passed": true}, "8": {"execution_time": 0.2630956172943115, "passed": true}, "9": {"execution_time": 0.2637968063354492, "passed": true}, "10": {"execution_time": 0.30818748474121094, "passed": true}, "11": {"execution_time": 0.24131059646606445, "passed": true}, "12": {"execution_time": 0.2790250778198242, "passed": true}, "13": {"execution_time": 1.385697603225708, "passed": true}, "14": {"execution_time": 0.27401208877563477, "passed": true}}}, "check_style_score": "0/1"}