{"version": "1", "message": "ERROR: Hidden Testcases server unreachable.", "problem_id": "ads2_m4_a1_1", "user_id": "vineethamallu6", "score": {"sample": {"0": {"execution_time": 0.262923002243042, "passed": true}, "1": {"execution_time": 0.2933204174041748, "passed": false}, "2": {"execution_time": 0.4278225898742676, "passed": false}, "3": {"execution_time": 0.3766002655029297, "passed": false}, "4": {"execution_time": 0.21242213249206543, "passed": false}, "5": {"execution_time": 0.24065899848937988, "passed": false}, "6": {"execution_time": 0.2611510753631592, "passed": false}, "7": {"execution_time": 0.2268831729888916, "passed": false}, "8": {"execution_time": 0.2576448917388916, "passed": true}, "9": {"execution_time": 0.24779009819030762, "passed": true}, "10": {"execution_time": 0.44788622856140137, "passed": true}, "11": {"execution_time": 0.328693151473999, "passed": true}, "12": {"execution_time": 0.22708821296691895, "passed": true}, "13": {"execution_time": 1.2872838973999023, "passed": false}, "14": {"execution_time": 0.21974730491638184, "passed": true}}}, "check_style_score": "1/1"}