{"version": "1", "message": "ERROR: Hidden Testcases server unreachable.", "problem_id": "ads2_m4_a1_1", "user_id": "vineethamallu6", "score": {"sample": {"0": {"execution_time": 0.2877342700958252, "passed": true}, "1": {"execution_time": 0.3093118667602539, "passed": false}, "2": {"execution_time": 0.3178853988647461, "passed": false}, "3": {"execution_time": 0.31465673446655273, "passed": false}, "4": {"execution_time": 0.2846255302429199, "passed": false}, "5": {"execution_time": 0.21441292762756348, "passed": false}, "6": {"execution_time": 0.23991608619689941, "passed": false}, "7": {"execution_time": 0.2978086471557617, "passed": false}, "8": {"execution_time": 0.30011963844299316, "passed": true}, "9": {"execution_time": 0.3078446388244629, "passed": true}, "10": {"execution_time": 0.3181135654449463, "passed": true}, "11": {"execution_time": 0.3105354309082031, "passed": true}, "12": {"execution_time": 0.19614791870117188, "passed": true}, "13": {"execution_time": 1.081911563873291, "passed": false}, "14": {"execution_time": 0.22410011291503906, "passed": true}}}, "check_style_score": "1/1"}