{"version": "1", "message": "ERROR: Hidden Testcases server unreachable.", "problem_id": "ads2_m4_a1_1", "user_id": "vineethamallu6", "score": {"sample": {"0": {"execution_time": 0.3996541500091553, "passed": true}, "1": {"execution_time": 0.33476829528808594, "passed": true}, "2": {"execution_time": 0.4442570209503174, "passed": true}, "3": {"execution_time": 0.3923671245574951, "passed": true}, "4": {"execution_time": 0.31374049186706543, "passed": true}, "5": {"execution_time": 0.3192727565765381, "passed": true}, "6": {"execution_time": 0.34975218772888184, "passed": true}, "7": {"execution_time": 0.287717342376709, "passed": true}, "8": {"execution_time": 0.398329496383667, "passed": true}, "9": {"execution_time": 0.26119184494018555, "passed": true}, "10": {"execution_time": 0.2751779556274414, "passed": true}, "11": {"execution_time": 0.2189798355102539, "passed": true}, "12": {"execution_time": 0.23725175857543945, "passed": true}, "13": {"execution_time": 1.1847984790802002, "passed": true}, "14": {"execution_time": 0.22128820419311523, "passed": true}}}, "check_style_score": "0/1"}