{"version": "1", "message": "ERROR: Hidden Testcases server unreachable.", "problem_id": "ads2_m4_a1_1", "user_id": "vineethamallu6", "score": {"sample": {"0": {"execution_time": 0.22828102111816406, "passed": true}, "1": {"execution_time": 0.38564229011535645, "passed": true}, "2": {"execution_time": 0.2472679615020752, "passed": true}, "3": {"execution_time": 0.33237171173095703, "passed": true}, "4": {"execution_time": 0.2631561756134033, "passed": true}, "5": {"execution_time": 0.23814630508422852, "passed": true}, "6": {"execution_time": 0.20029592514038086, "passed": true}, "7": {"execution_time": 0.34754443168640137, "passed": true}, "8": {"execution_time": 0.38524627685546875, "passed": true}, "9": {"execution_time": 0.2788820266723633, "passed": true}, "10": {"execution_time": 0.2854652404785156, "passed": true}, "11": {"execution_time": 0.23815464973449707, "passed": true}, "12": {"execution_time": 0.2384624481201172, "passed": true}, "13": {"execution_time": 1.433675765991211, "passed": true}, "14": {"execution_time": 0.19689369201660156, "passed": true}}}, "check_style_score": "0/1"}