{"version": "1", "message": "ERROR: Hidden Testcases server unreachable.", "problem_id": "ads2_m4_a1_1", "user_id": "vineethamallu6", "score": {"sample": {"0": {"execution_time": 0.26229190826416016, "passed": true}, "1": {"execution_time": 0.32708024978637695, "passed": true}, "2": {"execution_time": 0.3302748203277588, "passed": true}, "3": {"execution_time": 0.35300374031066895, "passed": true}, "4": {"execution_time": 0.3083615303039551, "passed": true}, "5": {"execution_time": 0.32726049423217773, "passed": true}, "6": {"execution_time": 0.3112657070159912, "passed": true}, "7": {"execution_time": 0.3101160526275635, "passed": true}, "8": {"execution_time": 0.2765510082244873, "passed": true}, "9": {"execution_time": 0.22452521324157715, "passed": true}, "10": {"execution_time": 0.24010705947875977, "passed": true}, "11": {"execution_time": 0.18446135520935059, "passed": true}, "12": {"execution_time": 0.2872347831726074, "passed": true}, "13": {"execution_time": 1.2982451915740967, "passed": true}, "14": {"execution_time": 0.2593543529510498, "passed": true}}}, "check_style_score": "0/1"}