{"version": "1", "message": "ERROR: Hidden Testcases server unreachable.", "problem_id": "ads2_m4_a1_1", "user_id": "vineethamallu6", "score": {"sample": {"0": {"execution_time": 0.32226037979125977, "passed": true}, "1": {"execution_time": 0.25621867179870605, "passed": false}, "2": {"execution_time": 0.22998785972595215, "passed": false}, "3": {"execution_time": 0.21718859672546387, "passed": false}, "4": {"execution_time": 0.2079153060913086, "passed": false}, "5": {"execution_time": 0.1978762149810791, "passed": false}, "6": {"execution_time": 0.21341300010681152, "passed": false}, "7": {"execution_time": 0.19064760208129883, "passed": false}, "8": {"execution_time": 0.22786259651184082, "passed": true}, "9": {"execution_time": 0.17426705360412598, "passed": true}, "10": {"execution_time": 0.1777188777923584, "passed": true}, "11": {"execution_time": 0.1952049732208252, "passed": false}, "12": {"execution_time": 0.21009254455566406, "passed": false}, "13": {"execution_time": 0.3006012439727783, "passed": false}, "14": {"execution_time": 0.17819571495056152, "passed": true}}}, "check_style_score": "0/1"}