{"version": "1", "message": "ERROR: Hidden Testcases server unreachable.", "problem_id": "ads2_m4_a1_1", "user_id": "vineethamallu6", "score": {"sample": {"0": {"execution_time": 0.34952521324157715, "passed": true}, "1": {"execution_time": 0.2804906368255615, "passed": false}, "2": {"execution_time": 0.33337926864624023, "passed": false}, "3": {"execution_time": 0.37453651428222656, "passed": false}, "4": {"execution_time": 0.27319812774658203, "passed": false}, "5": {"execution_time": 0.273296594619751, "passed": false}, "6": {"execution_time": 0.2825157642364502, "passed": false}, "7": {"execution_time": 0.2801177501678467, "passed": false}, "8": {"execution_time": 0.33086681365966797, "passed": true}, "9": {"execution_time": 0.26048707962036133, "passed": true}, "10": {"execution_time": 0.2646794319152832, "passed": true}, "11": {"execution_time": 0.2822229862213135, "passed": true}, "12": {"execution_time": 0.2591066360473633, "passed": true}, "13": {"execution_time": 1.1574366092681885, "passed": false}, "14": {"execution_time": 0.23874878883361816, "passed": true}}}, "check_style_score": "0/1"}