{"version": "1", "message": "ERROR: Hidden Testcases server unreachable.", "problem_id": "ads2_m4_a1_1", "user_id": "vineethamallu6", "score": {"sample": {"0": {"execution_time": 0.3747894763946533, "passed": true}, "1": {"execution_time": 0.5309584140777588, "passed": false}, "2": {"execution_time": 0.35605382919311523, "passed": false}, "3": {"execution_time": 0.5077545642852783, "passed": false}, "4": {"execution_time": 0.32709240913391113, "passed": false}, "5": {"execution_time": 0.5248832702636719, "passed": false}, "6": {"execution_time": 0.40357065200805664, "passed": false}, "7": {"execution_time": 0.49489402770996094, "passed": false}, "8": {"execution_time": 0.444460391998291, "passed": true}, "9": {"execution_time": 0.4394412040710449, "passed": true}, "10": {"execution_time": 0.48819851875305176, "passed": true}, "11": {"execution_time": 0.29124951362609863, "passed": true}, "12": {"execution_time": 0.48084592819213867, "passed": true}, "13": {"execution_time": 1.333620548248291, "passed": false}, "14": {"execution_time": 0.4425475597381592, "passed": true}}}, "check_style_score": "1/1"}