{"version": "1", "message": "ERROR: Hidden Testcases server unreachable.", "problem_id": "ads2_m4_a1_1", "user_id": "vineethamallu6", "score": {"sample": {"0": {"execution_time": 0.27158141136169434, "passed": true}, "1": {"execution_time": 0.17700958251953125, "passed": false}, "2": {"execution_time": 0.16146206855773926, "passed": false}, "3": {"execution_time": 0.20741796493530273, "passed": false}, "4": {"execution_time": 0.16425800323486328, "passed": false}, "5": {"execution_time": 0.16288542747497559, "passed": false}, "6": {"execution_time": 0.1751096248626709, "passed": false}, "7": {"execution_time": 0.18048691749572754, "passed": false}, "8": {"execution_time": 0.22018218040466309, "passed": true}, "9": {"execution_time": 0.18082928657531738, "passed": true}, "10": {"execution_time": 0.1761479377746582, "passed": true}, "11": {"execution_time": 0.1619243621826172, "passed": true}, "12": {"execution_time": 0.17964625358581543, "passed": true}, "13": {"execution_time": 0.19214868545532227, "passed": false}, "14": {"execution_time": 0.23766589164733887, "passed": true}}}, "check_style_score": "0/1"}