{"version": "1", "message": "ERROR: Hidden Testcases server unreachable.", "problem_id": "ads2_m4_a1_1", "user_id": "vineethamallu6", "score": {"sample": {"0": {"execution_time": 0.27904701232910156, "passed": true}, "1": {"execution_time": 0.24070191383361816, "passed": false}, "2": {"execution_time": 0.21416330337524414, "passed": false}, "3": {"execution_time": 0.2560567855834961, "passed": false}, "4": {"execution_time": 0.22874689102172852, "passed": false}, "5": {"execution_time": 0.38832950592041016, "passed": false}, "6": {"execution_time": 0.26038026809692383, "passed": false}, "7": {"execution_time": 0.24380970001220703, "passed": false}, "8": {"execution_time": 0.2960166931152344, "passed": false}, "9": {"execution_time": 0.22405290603637695, "passed": false}, "10": {"execution_time": 0.2243180274963379, "passed": false}, "11": {"execution_time": 0.3946983814239502, "passed": false}, "12": {"execution_time": 0.2858593463897705, "passed": false}, "13": {"execution_time": 0.19934463500976562, "passed": false}, "14": {"execution_time": 0.22469186782836914, "passed": true}}}, "check_style_score": "0/1"}