{"version": "1", "message": "ERROR: Hidden Testcases server unreachable.", "problem_id": "ads2_m4_a1_1", "user_id": "vineethamallu6", "score": {"sample": {"0": {"execution_time": 1.0188663005828857, "passed": false}, "1": {"execution_time": 0.2276170253753662, "passed": false}, "2": {"execution_time": 0.1996593475341797, "passed": false}, "3": {"execution_time": 0.18450403213500977, "passed": false}, "4": {"execution_time": 0.1586322784423828, "passed": false}, "5": {"execution_time": 0.16067051887512207, "passed": false}, "6": {"execution_time": 0.16050195693969727, "passed": false}, "7": {"execution_time": 0.16782593727111816, "passed": false}, "8": {"execution_time": 0.2357785701751709, "passed": false}, "9": {"execution_time": 0.1970224380493164, "passed": false}, "10": {"execution_time": 0.18937063217163086, "passed": false}, "11": {"execution_time": 0.15989279747009277, "passed": true}, "12": {"execution_time": 0.16424083709716797, "passed": true}, "13": {"execution_time": 0.16158151626586914, "passed": false}, "14": {"execution_time": 0.1961805820465088, "passed": false}}}, "check_style_score": "0/1"}