{"version": "1", "message": "ERROR: Hidden Testcases server unreachable.", "problem_id": "ads2_m4_a1_1", "user_id": "vineethamallu6", "score": {"sample": {"0": {"execution_time": 0.24598979949951172, "passed": true}, "1": {"execution_time": 0.4987616539001465, "passed": false}, "2": {"execution_time": 0.35973525047302246, "passed": false}, "3": {"execution_time": 0.35086512565612793, "passed": false}, "4": {"execution_time": 0.31163644790649414, "passed": false}, "5": {"execution_time": 0.29447269439697266, "passed": false}, "6": {"execution_time": 0.3154878616333008, "passed": false}, "7": {"execution_time": 0.4467813968658447, "passed": false}, "8": {"execution_time": 0.24792909622192383, "passed": true}, "9": {"execution_time": 0.44886016845703125, "passed": true}, "10": {"execution_time": 0.49891185760498047, "passed": true}, "11": {"execution_time": 0.37201714515686035, "passed": true}, "12": {"execution_time": 0.44475603103637695, "passed": true}, "13": {"execution_time": 1.191230297088623, "passed": false}, "14": {"execution_time": 0.30578064918518066, "passed": true}}}, "check_style_score": "1/1"}