{"version": "1", "message": "ERROR: Hidden Testcases server unreachable.", "problem_id": "ads2_m4_a1_1", "user_id": "vineethamallu6", "score": {"sample": {"0": {"execution_time": 0.3265564441680908, "passed": true}, "1": {"execution_time": 0.17646217346191406, "passed": false}, "2": {"execution_time": 0.2043619155883789, "passed": false}, "3": {"execution_time": 0.1882457733154297, "passed": false}, "4": {"execution_time": 0.38252687454223633, "passed": false}, "5": {"execution_time": 0.18987226486206055, "passed": false}, "6": {"execution_time": 0.20473623275756836, "passed": false}, "7": {"execution_time": 0.21027588844299316, "passed": false}, "8": {"execution_time": 0.25980043411254883, "passed": true}, "9": {"execution_time": 0.3714432716369629, "passed": true}, "10": {"execution_time": 0.2049853801727295, "passed": true}, "11": {"execution_time": 0.18256926536560059, "passed": true}, "12": {"execution_time": 0.18625569343566895, "passed": true}, "13": {"execution_time": 0.20156431198120117, "passed": false}, "14": {"execution_time": 0.21534204483032227, "passed": true}}}, "check_style_score": "0/1"}