{"version": "1", "message": "ERROR: Hidden Testcases server unreachable.", "problem_id": "ads2_m4_a1_1", "user_id": "vineethamallu6", "score": {"sample": {"0": {"execution_time": 0.26169848442077637, "passed": true}, "1": {"execution_time": 0.2672712802886963, "passed": true}, "2": {"execution_time": 0.3191490173339844, "passed": true}, "3": {"execution_time": 0.3865351676940918, "passed": true}, "4": {"execution_time": 0.29462456703186035, "passed": true}, "5": {"execution_time": 0.2926218509674072, "passed": true}, "6": {"execution_time": 0.3278779983520508, "passed": true}, "7": {"execution_time": 0.3119966983795166, "passed": true}, "8": {"execution_time": 0.3027200698852539, "passed": true}, "9": {"execution_time": 0.2969014644622803, "passed": true}, "10": {"execution_time": 0.27088332176208496, "passed": true}, "11": {"execution_time": 0.24348902702331543, "passed": true}, "12": {"execution_time": 0.27691149711608887, "passed": true}, "13": {"execution_time": 1.2995991706848145, "passed": true}, "14": {"execution_time": 0.29221153259277344, "passed": true}}}, "check_style_score": "0/1"}