{"version": "1", "message": "ERROR: Hidden Testcases server unreachable.", "problem_id": "ads2_m4_a1_1", "user_id": "vineethamallu6", "score": {"sample": {"0": {"execution_time": 0.23162221908569336, "passed": true}, "1": {"execution_time": 0.22995877265930176, "passed": true}, "2": {"execution_time": 0.23764801025390625, "passed": true}, "3": {"execution_time": 0.2515726089477539, "passed": true}, "4": {"execution_time": 0.2109997272491455, "passed": true}, "5": {"execution_time": 0.21240496635437012, "passed": true}, "6": {"execution_time": 0.20970535278320312, "passed": true}, "7": {"execution_time": 0.24340105056762695, "passed": true}, "8": {"execution_time": 0.25637173652648926, "passed": true}, "9": {"execution_time": 0.17849040031433105, "passed": true}, "10": {"execution_time": 0.18245339393615723, "passed": true}, "11": {"execution_time": 0.18017816543579102, "passed": true}, "12": {"execution_time": 0.2175447940826416, "passed": true}, "13": {"execution_time": 1.1184055805206299, "passed": true}, "14": {"execution_time": 0.18826508522033691, "passed": true}}}, "check_style_score": "1/1"}