{"version": "1", "message": "ERROR: Hidden Testcases server unreachable.", "problem_id": "ads2_m4_a1_1", "user_id": "vineethamallu6", "score": {"sample": {"0": {"execution_time": 0.25829386711120605, "passed": true}, "1": {"execution_time": 0.22528743743896484, "passed": false}, "2": {"execution_time": 0.2962949275970459, "passed": false}, "3": {"execution_time": 0.35540080070495605, "passed": false}, "4": {"execution_time": 0.29401683807373047, "passed": false}, "5": {"execution_time": 0.2619032859802246, "passed": false}, "6": {"execution_time": 0.34585118293762207, "passed": false}, "7": {"execution_time": 0.26110053062438965, "passed": false}, "8": {"execution_time": 0.3004329204559326, "passed": true}, "9": {"execution_time": 0.26247644424438477, "passed": true}, "10": {"execution_time": 0.22032785415649414, "passed": true}, "11": {"execution_time": 0.2824430465698242, "passed": true}, "12": {"execution_time": 0.3003218173980713, "passed": true}, "13": {"execution_time": 1.333301305770874, "passed": false}, "14": {"execution_time": 0.2969841957092285, "passed": true}}}, "check_style_score": "0/1"}