{"version": "1", "message": "ERROR: Hidden Testcases server unreachable.", "problem_id": "ads2_m4_a1_1", "user_id": "vineethamallu6", "score": {"sample": {"0": {"execution_time": 0.2914760112762451, "passed": true}, "1": {"execution_time": 0.33975982666015625, "passed": false}, "2": {"execution_time": 0.542384147644043, "passed": false}, "3": {"execution_time": 0.6069576740264893, "passed": false}, "4": {"execution_time": 0.3778727054595947, "passed": false}, "5": {"execution_time": 0.25745558738708496, "passed": false}, "6": {"execution_time": 0.2467365264892578, "passed": false}, "7": {"execution_time": 0.24173903465270996, "passed": false}, "8": {"execution_time": 0.39943742752075195, "passed": true}, "9": {"execution_time": 0.22516322135925293, "passed": true}, "10": {"execution_time": 0.277789831161499, "passed": true}, "11": {"execution_time": 0.29353761672973633, "passed": true}, "12": {"execution_time": 0.2648320198059082, "passed": true}, "13": {"execution_time": 1.5528910160064697, "passed": false}, "14": {"execution_time": 0.260223388671875, "passed": true}}}, "check_style_score": "0/1"}