{"version": "1", "message": "ERROR: Hidden Testcases server unreachable.", "problem_id": "ads2_m4_a1_1", "user_id": "vineethamallu6", "score": {"sample": {"0": {"execution_time": 0.32427477836608887, "passed": true}, "1": {"execution_time": 0.2821383476257324, "passed": false}, "2": {"execution_time": 0.2714109420776367, "passed": false}, "3": {"execution_time": 0.24956130981445312, "passed": false}, "4": {"execution_time": 0.2949066162109375, "passed": false}, "5": {"execution_time": 0.3054988384246826, "passed": false}, "6": {"execution_time": 0.3691675662994385, "passed": false}, "7": {"execution_time": 0.2735118865966797, "passed": false}, "8": {"execution_time": 0.4529867172241211, "passed": true}, "9": {"execution_time": 0.9966459274291992, "passed": true}, "10": {"execution_time": 0.3015310764312744, "passed": true}, "11": {"execution_time": 0.43527722358703613, "passed": true}, "12": {"execution_time": 0.306016206741333, "passed": true}, "13": {"execution_time": 0.3590679168701172, "passed": false}, "14": {"execution_time": 0.25634026527404785, "passed": true}}}, "check_style_score": "0/1"}