{"version": "1", "message": "ERROR: Hidden Testcases server unreachable.", "problem_id": "ads2_m4_a1_1", "user_id": "vineethamallu6", "score": {"sample": {"0": {"execution_time": 0.3330261707305908, "passed": true}, "1": {"execution_time": 0.27857446670532227, "passed": false}, "2": {"execution_time": 0.35721755027770996, "passed": false}, "3": {"execution_time": 0.33976149559020996, "passed": false}, "4": {"execution_time": 0.27960705757141113, "passed": false}, "5": {"execution_time": 0.271106481552124, "passed": false}, "6": {"execution_time": 0.3173360824584961, "passed": false}, "7": {"execution_time": 0.29550790786743164, "passed": false}, "8": {"execution_time": 0.3380110263824463, "passed": true}, "9": {"execution_time": 0.2669048309326172, "passed": true}, "10": {"execution_time": 0.29819750785827637, "passed": true}, "11": {"execution_time": 0.28574275970458984, "passed": true}, "12": {"execution_time": 0.2703547477722168, "passed": true}, "13": {"execution_time": 1.1430342197418213, "passed": false}, "14": {"execution_time": 0.2501544952392578, "passed": true}}}, "check_style_score": "1/1"}